id,park,mean_whp_ws_buffer,mean_whp_ws_buffer_pcntl
NATR_WS_002,NATR,98.6086343552712,44.6761800219539
NATR_WS_005,NATR,256.25485846319066,65.09330406147092
NATR_WS_012,NATR,55.217745600839805,32.16245883644347
NATR_WS_013,NATR,113.87678210776008,49.176728869374315
NATR_WS_014,NATR,124.81016301165981,52.030735455543365
NATR_WS_020,NATR,115.34854844351172,49.39626783754116
NATR_WS_020,NATR,115.38750768320631,49.50603732162459
CACH_WS_002,CACH,20.37865663725631,20.08781558726674
CHIR_WS_002,CHIR,226.30306764583608,62.34906695938529
CHIR_WS_001,CHIR,365.79185835419344,75.85071350164654
CORO_WS_001,CORO,1033.9709477224337,88.14489571899013
FOBO_WS_001,FOBO,138.78241424400582,55.10428100987925
ARCH_WS_002,ARCH,38.97691062500088,29.747530186608124
ARCH_WS_001,ARCH,45.83288581067521,31.06476399560922
BRCA_WS_002,BRCA,180.735219443466,59.16575192096597
BRCA_WS_002,BRCA,180.48860658701366,59.055982436882545
BRCA_WS_001,BRCA,527.3106250598797,82.7661909989023
GLCA_WS_006,GLCA,6.204982549518209,6.147091108671789
GLCA_WS_006,GLCA,6.185202257708009,6.0373216245883645
GLCA_WS_009,GLCA,3.4357195407554615,3.841931942919868
GLCA_WS_009,GLCA,4.03434880191041,4.281009879253568
GRCA_WS_003,GRCA,1182.6170780191403,88.9132821075741
LAKE_WS_002,LAKE,10.725818249794777,13.391877058177826
LAKE_WS_004,LAKE,6.9899739310484295,7.354555433589462
LAKE_WS_005,LAKE,36.39066519500279,29.088913282107576
LAKE_WS_005,LAKE,9.83469143865221,13.172338090010976
LAKE_WS_005,LAKE,16.680973056127666,17.892425905598245
LAKE_WS_005,LAKE,14.17171527937222,16.136114160263446
LAKE_WS_005,LAKE,5.645272497759945,5.378704720087816
LAKE_WS_006,LAKE,41.196712490844554,29.967069154774972
LAKE_WS_008,LAKE,30.07239984781659,26.5642151481888
LAKE_WS_009,LAKE,7.8129155197370554,8.342480790340286
LAKE_WS_009,LAKE,6.7243489656727355,6.915477497255764
LAKE_WS_009,LAKE,7.690400237946555,7.903402854006586
LAKE_WS_010,LAKE,16.120216369456905,17.34357848518112
LAKE_WS_010,LAKE,16.371537808944268,17.45334796926454
MOCA_WS_003,MOCA,140.86724489930515,55.43358946212953
MOCA_WS_001,MOCA,305.19715758850293,70.14270032930845
NAVA_WS_001,NAVA,5.0989041659736065,4.829857299670691
ORPI_WS_001,ORPI,11.12869745507765,13.830954994511528
ORPI_WS_001,ORPI,11.278887274855956,13.940724478594952
PISP_WS_001,PISP,95.5402192780978,44.01756311745334
SAGU_WS_005,SAGU,2565.6717011734977,93.96267837541163
SAGU_WS_003,SAGU,276.3226768752324,67.2886937431394
TONT_WS_001,TONT,489.6981155200176,81.66849615806807
TUMA_WS_002,TUMA,485.84814692140185,81.55872667398462
TUMA_WS_001,TUMA,465.79314639286804,81.11964873765093
TUZI_WS_001,TUZI,136.04167558856344,54.4456641053787
WACA_WS_001,WACA,3345.160536165993,94.7310647639956
WUPA_WS_001,WUPA,165.07459179440423,58.17782656421515
CHIS_WS_004,CHIS,131.60787186606743,54.006586169045
CHIS_WS_005,CHIS,181.90390160706121,59.385290889132825
CHIS_WS_008,CHIS,24.00366685433454,21.07574094401756
DEVA_WS_001,DEVA,0.7589278794463257,0.6586169045005488
DEVA_WS_002,DEVA,8.762041780881123,11.306256860592754
DEVA_WS_003,DEVA,0.7589278794463257,0.6586169045005488
DEVA_WS_003,DEVA,0.3817031321565726,0.43907793633369924
DEVA_WS_004,DEVA,0.15132685755831157,0.10976948408342481
DEVA_WS_007,DEVA,0.2644886431699064,0.3293084522502744
DEVA_WS_008,DEVA,7.846643678420183,8.781558726673985
GOGA_WS_003,GOGA,211.1741776356742,60.922063666300765
JOMU_WS_001,JOMU,273.46325233276013,67.06915477497256
JOTR_WS_002,JOTR,85.928575757618475,42.37102085620197
LABE_WS_001,LABE,168.1541004535725,58.507135016465426
LAVO_WS_003,LAVO,391.8989999168828,78.70472008781559
LAVO_WS_004,LAVO,300.8045689713474,69.4840834248079
LAVO_WS_005,LAVO,330.80853549080695,72.88693743139407
LAVO_WS_006,LAVO,417.99101389680635,80.13172338090011
LAVO_WS_007,LAVO,413.3528332360875,79.582875960483
LAVO_WS_008,LAVO,1405.9387366690012,90.66959385290889
LAVO_WS_009,LAVO,280.1608039464758,67.72777167947311
LAVO_WS_011,LAVO,392.087955724683,78.81448957189902
MOJA_WS_004,MOJA,61.71216710006226,33.589462129527995
MOJA_WS_005,MOJA,74.08524113895149,38.748627881448954
MOJA_WS_006,MOJA,125.69296637430115,52.25027442371021
MOJA_WS_007,MOJA,56.20969728571831,32.38199780461032
MOJA_WS_008,MOJA,2.203999689837235,2.1953896816684964
PINN_WS_001,PINN,12287.234639604269,98.13391877058177
PINN_WS_002,PINN,10221.478107358987,97.47530186608124
PINN_WS_003,PINN,9072.005445208904,96.81668496158068
PINN_WS_004,PINN,10732.304249632623,97.58507135016465
PORE_WS_004,PORE,341.86130840918884,73.76509330406147
PORE_WS_005,PORE,148.72041414264294,56.311745334796925
PORE_WS_006,PORE,281.88453978179706,68.1668496158068
PORE_WS_007,PORE,355.47592590245296,74.53347969264544
PORE_WS_008,PORE,35.017712650015646,28.649835345773877
PORE_WS_008,PORE,19.821626129704597,19.319429198682766
PORE_WS_009,PORE,7.783997678454707,8.232711306256862
PORE_WS_010,PORE,127.73359166936746,52.908891328210764
PORE_WS_012,PORE,225.08066776825044,62.12952799121844
PORE_WS_013,PORE,250.01235284586068,64.32491767288694
PORE_WS_014,PORE,215.23576374010509,61.58068057080131
PORE_WS_015,PORE,4.6678954621934,4.500548847420418
PORE_WS_016,PORE,233.64165322324996,62.788144895718986
PORE_WS_017,PORE,59.691644088643926,33.15038419319429
PORE_WS_019,PORE,174.23718962981195,58.72667398463227
PORE_WS_020,PORE,247.87567412855006,63.99560922063666
REDW_WS_004,REDW,149.55666150919967,56.42151481888035
REDW_WS_005,REDW,230.92143601735503,62.45883644346871
REDW_WS_006,REDW,139.9708597766653,55.214050493962674
REDW_WS_007,REDW,198.7297621453488,59.82436882546652
REDW_WS_008,REDW,126.10404882175023,52.57958287596048
REDW_WS_009,REDW,662.4144946016813,85.62019758507134
REDW_WS_010,REDW,167.3676634076678,58.287596048298575
SAMO_WS_001,SAMO,68.25241651990113,36.553238199780466
SAMO_WS_003,SAMO,3001.5856748347715,94.29198682766192
SEKI_WS_002,SEKI,5096.208793399095,95.93852908891328
SEKI_WS_003,SEKI,5229.335983846106,96.0482985729967
SEKI_WS_004,SEKI,6118.248433095833,96.15806805708014
SEKI_WS_006,SEKI,1207.5589461040022,89.3523600439078
SEKI_WS_007,SEKI,1908.5917784317373,91.87705817782657
SEKI_WS_010,SEKI,3414.012328600507,94.84083424807903
SEKI_WS_011,SEKI,3814.1583373493295,95.06037321624589
SEKI_WS_012,SEKI,8478.021833218274,96.59714599341383
SEKI_WS_013,SEKI,4690.874834802851,95.82875960482986
SEKI_WS_014,SEKI,4487.642005870096,95.60922063666301
SEKI_WS_015,SEKI,1848.7517481679988,91.76728869374314
SEKI_WS_016,SEKI,4281.336468242789,95.49945115257958
SEKI_WS_019,SEKI,3825.2562507420853,95.17014270032931
SEKI_WS_020,SEKI,4494.414075611602,95.71899012074643
SEKI_WS_021,SEKI,876.7199609357936,87.70581778265642
SEKI_WS_022,SEKI,2946.0154880322953,94.18221734357849
WHIS_WS_003,WHIS,546.6269130002098,83.64434687156971
WHIS_WS_005,WHIS,546.9218085787948,83.75411635565312
WHIS_WS_006,WHIS,743.5565178084854,85.94950603732163
WHIS_WS_007,WHIS,629.1862127530134,84.74204171240395
WHIS_WS_008,WHIS,639.9233786378769,85.07135016465422
WHIS_WS_010,WHIS,652.1410257349119,85.29088913282108
WHIS_WS_014,WHIS,828.7137631503703,87.15697036223929
YOSE_WS_001,YOSE,257.1777448096301,65.20307354555433
YOSE_WS_006,YOSE,2551.159986253734,93.85290889132821
YOSE_WS_007,YOSE,858.9458365145216,87.596048298573
YOSE_WS_009,YOSE,2286.5527645913494,92.75521405049396
YOSE_WS_011,YOSE,500.90545170199675,82.10757409440176
YOSE_WS_012,YOSE,2030.3873175925044,92.42590559824369
YOSE_WS_014,YOSE,4159.220049564584,95.27991218441272
YOSE_WS_015,YOSE,2146.656904801671,92.64544456641055
YOSE_WS_016,YOSE,3294.840681265777,94.62129527991219
YOSE_WS_017,YOSE,1806.3121234287066,91.5477497255763
YOSE_WS_017,YOSE,1703.0159130549505,91.32821075740945
YOSE_WS_018,YOSE,3229.9339485595033,94.51152579582876
YOSE_WS_020,YOSE,3137.001307703473,94.40175631174533
CURE_WS_006,CURE,238.5887281200889,63.33699231613611
CURE_WS_007,CURE,35.075462769972624,28.7596048298573
CURE_WS_011,CURE,31.764648506324548,27.442371020856204
CURE_WS_009,CURE,255.59991828626576,64.87376509330406
CURE_WS_010,CURE,32.599706121343445,27.991218441273325
CURE_WS_010,CURE,31.485332116700956,27.22283205268935
CURE_WS_001,CURE,44.64636763125008,30.845225027442368
CURE_WS_005,CURE,30.943028585034455,26.893523600439078
CURE_WS_003,CURE,43.516162293742184,30.62568605927552
CURE_WS_008,CURE,106.94508444482022,46.8715697036224
CURE_WS_004,CURE,157.28167974313854,57.0801317233809
CURE_WS_002,CURE,25.75482052113361,24.36882546652031
DINO_WS_002,DINO,1526.8345393245136,90.99890230515916
DINO_WS_004,DINO,662.046517688357,85.51042810098792
DINO_WS_001,DINO,278.84904219956053,67.50823271130626
DINO_WS_006,DINO,592.1716347887832,84.5225027442371
CANY_WS_002,CANY,27.947611892587624,25.905598243688253
CARE_WS_001,CARE,17.781785975179204,18.441273326015367
FLFO_WS_001,FLFO,1533.9571116553047,91.10867178924259
FLFO_WS_002,FLFO,1465.947938503008,90.77936333699232
GRSA_WS_001,GRSA,110.85221427092007,48.298572996706916
GRSA_WS_002,GRSA,124.54466330200634,51.92096597145993
HOVE_WS_001,HOVE,81.46402638961888,40.83424807903403
MEVE_WS_001,MEVE,1207.262229238636,89.24259055982436
ROMO_WS_005,ROMO,116.05836770843773,49.94511525795829
ROMO_WS_006,ROMO,478.89842721004106,81.33918770581778
ROMO_WS_006,ROMO,465.48210297644926,81.0098792535675
ROMO_WS_013,ROMO,1208.737739661747,89.46212952799122
ROMO_WS_004,ROMO,1232.0503502128904,89.68166849615807
ROMO_WS_003,ROMO,219.06962281130424,61.909989023051594
ROMO_WS_008,ROMO,253.7852886141276,64.54445664105378
ROMO_WS_012,ROMO,514.3206932888535,82.21734357848518
ROMO_WS_016,ROMO,326.7108281692453,72.33809001097696
ROMO_WS_014,ROMO,522.4914494177813,82.43688254665203
ROMO_WS_020,ROMO,604.731088685601,84.63227222832053
ROMO_WS_017,ROMO,571.9121267258911,83.97365532381997
ROMO_WS_007,ROMO,466.6174562438905,81.22941822173436
ROMO_WS_018,ROMO,392.8339117689292,78.92425905598243
ROMO_WS_002,ROMO,674.2797185261363,85.72996706915478
ROMO_WS_019,ROMO,498.07994226368595,81.99780461031834
ROMO_WS_015,ROMO,756.7025823288384,86.05927552140506
ROMO_WS_010,ROMO,1196.871808190177,89.13282107574094
SAND_WS_001,SAND,43.2317033685873,30.515916575192097
WEFA_WS_001,WEFA,206.99417641778675,60.263446761800225
WEFA_WS_003,WEFA,207.7430852524342,60.37321624588364
WEFA_WS_004,WEFA,206.7610880093791,60.1536772777168
FRST_WS_001,FRST,25.425762084037498,23.600439077936333
FRST_WS_002,FRST,25.210048948832622,23.380900109769485
FRST_WS_003,FRST,26.15885922654985,24.91767288693743
FRST_WS_004,FRST,26.383324399295823,25.13721185510428
FRST_WS_005,FRST,25.070184332404907,23.161361141602637
FRST_WS_006,FRST,24.959801882315165,22.722283205268933
FRST_WS_007,FRST,25.27788111422999,23.490669593852907
FRST_WS_008,FRST,25.00593631872187,22.832052689352363
FRST_WS_009,FRST,25.089134003722716,23.27113062568606
FRST_WS_010,FRST,24.721107112782647,22.17343578485181
FRST_WS_011,FRST,24.715937474602445,22.063666300768386
FRST_WS_012,FRST,25.789784714534797,24.478594950603732
FRST_WS_013,FRST,25.584092999689766,23.929747530186606
FRST_WS_014,FRST,25.519128437718695,23.81997804610318
FRST_WS_015,FRST,25.645739410979555,24.039517014270036
FRST_WS_016,FRST,25.79196057630944,24.588364434687158
FRST_WS_017,FRST,24.880899856316585,22.502744237102085
FRST_WS_018,FRST,24.880899856316585,22.502744237102085
FRST_WS_019,FRST,24.8952584460581,22.612513721185508
FRST_WS_020,FRST,25.675989297282072,24.259055982436884
FRST_WS_021,FRST,25.64991060544494,24.149286498353458
FRST_WS_022,FRST,25.93888923875904,24.807903402854006
FRST_WS_023,FRST,25.93888923875904,24.807903402854006
FRST_WS_024,FRST,26.219427228851018,25.027442371020857
FRST_WS_025,FRST,13.011223839487814,15.477497255762898
FRST_WS_026,FRST,25.068711395521106,23.05159165751921
BICY_WS_001,BICY,30616.309866088894,99.5609220636663
BICY_WS_002,BICY,108.28810300637443,47.530186608122946
BICY_WS_003,BICY,7425.736362546965,96.37760702524699
BICY_WS_007,BICY,7175.320819653369,96.26783754116356
BICY_WS_008,BICY,11161.437489067552,97.91437980241493
BICY_WS_009,BICY,9011.784359811574,96.70691547749726
BICY_WS_010,BICY,9107.493667101506,96.9264544456641
BICY_WS_011,BICY,18400.466721638993,98.6827661909989
BICY_WS_012,BICY,17813.78005993726,98.57299670691548
BICY_WS_013,BICY,11687.681468880659,98.02414928649836
BICY_WS_014,BICY,11129.96731538789,97.80461031833151
BICY_WS_015,BICY,17536.006235382538,98.46322722283205
BICY_WS_016,BICY,13139.038232879155,98.2436882546652
BICY_WS_018,BICY,9779.408484019643,97.25576289791438
BICY_WS_021,BICY,4242.833551346277,95.38968166849617
BISC_WS_001,BISC,24.194852677611298,21.295279912184412
BISC_WS_002,BISC,24.194852677611298,21.295279912184412
BISC_WS_002,BISC,24.509518300378627,21.62458836443469
BISC_WS_003,BISC,12.221916728927528,14.5993413830955
BISC_WS_003,BISC,12.221916728927528,14.5993413830955
BISC_WS_005,BISC,16.541364282890342,17.78265642151482
BISC_WS_006,BISC,16.541364282890342,17.78265642151482
CANA_WS_001,CANA,900.8644239016487,87.92535675082327
CANA_WS_003,CANA,2106.585774135253,92.53567508232712
CANA_WS_006,CANA,2592.1475319010497,94.07244785949506
CASA_WS_001,CASA,98.87139382083755,45.00548847420417
CASA_WS_003,CASA,98.86934132310373,44.89571899012075
DESO_WS_001,DESO,12.782659669022728,15.367727771679473
DRTO_WS_001,DRTO,NA,NA
DRTO_WS_002,DRTO,NA,NA
DRTO_WS_003,DRTO,NA,NA
EVER_WS_001,EVER,38890.384486479605,99.67069154774973
EVER_WS_002,EVER,40601.2349338177,99.78046103183314
EVER_WS_003,EVER,27.6064930944777,25.795828759604827
EVER_WS_003,EVER,27.544764934217113,25.686059275521405
EVER_WS_004,EVER,40626.1623515047,99.89023051591658
EVER_WS_005,EVER,18535.682772362168,98.79253567508232
EVER_WS_006,EVER,28969.318913229687,99.45115257958288
EVER_WS_007,EVER,41515.0423282215,100
EVER_WS_008,EVER,16433.689551047333,98.35345773874863
EVER_WS_009,EVER,9760.69920979382,97.03622392974754
EVER_WS_010,EVER,10804.503187121714,97.69484083424807
EVER_WS_011,EVER,20594.776871824804,98.90230515916575
EVER_WS_012,EVER,10016.725380006988,97.3655323819978
EVER_WS_013,EVER,24703.17615506611,99.34138309549945
EVER_WS_014,EVER,22617.302694938302,99.23161361141602
EVER_WS_015,EVER,20761.60401450075,99.01207464324918
EVER_WS_015,EVER,20762.547058317377,99.12184412733261
EVER_WS_016,EVER,731.2022773176566,85.8397365532382
GUIS_WS_006,GUIS,29.056552334035025,26.125137211855105
GUIS_WS_006,GUIS,29.131271685190647,26.23490669593853
GUIS_WS_007,GUIS,16.448556255988844,17.56311745334797
GUIS_WS_014,GUIS,5.575110915557511,5.26893523600439
TIMU_WS_002,TIMU,881.360966624543,87.81558726673985
TIMU_WS_003,TIMU,1327.0426666177882,90.12074643249177
TIMU_WS_006,TIMU,1304.5169938363156,90.01097694840834
TIMU_WS_007,TIMU,1340.2654728844182,90.2305159165752
TIMU_WS_008,TIMU,1295.1753550425206,89.90120746432491
TIMU_WS_009,TIMU,463.9405509589382,80.90010976948409
ANDE_WS_002,ANDE,395.0790244205012,79.14379802414928
CUIS_WS_001,CUIS,546.417479493084,83.53457738748628
CUIS_WS_002,CUIS,388.9916937512786,78.48518111964874
CUIS_WS_004,CUIS,208.01703022755376,60.48298572996706
CUIS_WS_008,CUIS,339.53600049875513,73.54555433589462
CUIS_WS_009,CUIS,266.7220221083546,66.52030735455543
CUIS_WS_010,CUIS,540.3772490141308,82.98572996706916
CUIS_WS_012,CUIS,345.03109956822203,73.98463227222832
CUIS_WS_013,CUIS,197.23727085920007,59.60482985729967
CUIS_WS_015,CUIS,113.5253169377634,48.847420417124034
CUIS_WS_016,CUIS,112.20879434826944,48.73765093304062
CUIS_WS_017,CUIS,264.8508933783518,66.30076838638858
CUIS_WS_018,CUIS,267.51458370352685,66.63007683863886
CUIS_WS_019,CUIS,199.61033858999505,59.934138309549944
FOFR_WS_002,FOFR,2326.2548079672592,92.86498353457738
FOPU_WS_001,FOPU,824.0053401368025,87.04720087815588
FOPU_WS_002,FOPU,857.5161754660616,87.48627881448957
FOPU_WS_004,FOPU,1067.5219119799024,88.36443468715697
JICA_WS_001,JICA,372.2401288010478,77.38748627881449
EFMO_WS_001,EFMO,15.486799321770174,16.90450054884742
CIRO_WS_002,CIRO,1284.2066939635447,89.7914379802415
HAFO_WS_001,HAFO,1057.9282037086668,88.25466520307354
MIIN_WS_001,MIIN,255.74986520620521,64.98353457738749
NEPE_WS_001,NEPE,640.987227806873,85.18111964873765
NEPE_WS_002,NEPE,67.41028933209203,36.00439077936334
NEPE_WS_003,NEPE,66.52583733604351,35.67508232711306
NEPE_WS_004,NEPE,68.12400746186766,36.44346871569704
NEPE_WS_005,NEPE,141.89933405061777,55.65312843029637
YELL_WS_001,YELL,269.3150115179618,66.8496158068057
YELL_WS_001,YELL,269.3150115179618,66.8496158068057
YELL_WS_012,YELL,146.66488368132045,56.09220636663008
YELL_WS_002,YELL,782.8970042766795,86.93743139407245
YELL_WS_002,YELL,782.8970042766795,86.93743139407245
YELL_WS_008,YELL,322.05834965010405,71.35016465422612
YELL_WS_003,YELL,1142.2679755305276,88.80351262349066
YELL_WS_015,YELL,174.9741017661679,58.83644346871569
YELL_WS_018,YELL,189.34687802598688,59.49506037321625
YELL_WS_019,YELL,442.7234984507557,80.68057080131723
YELL_WS_020,YELL,542.9932790116576,83.42480790340285
YELL_WS_010,YELL,231.62273710460613,62.67837541163557
YELL_WS_010,YELL,231.52641248521152,62.56860592755215
YELL_WS_016,YELL,118.70597265686561,50.713501646542255
YELL_WS_007,YELL,558.2542736356423,83.86388583973655
YELL_WS_023,YELL,168.95771427567692,58.61690450054885
YELL_WS_022,YELL,226.2544188450786,62.23929747530187
YELL_WS_006,YELL,1119.9988896363243,88.69374313940725
YELL_WS_006,YELL,1119.9988896363243,88.69374313940725
YELL_WS_014,YELL,215.42920482945544,61.690450054884735
YELL_WS_011,YELL,302.44162554758316,69.81339187705817
YELL_WS_011,YELL,302.44162554758316,69.81339187705817
YELL_WS_004,YELL,660.4539745950237,85.40065861690451
YELL_WS_017,YELL,334.2767993268462,72.99670691547749
YELL_WS_013,YELL,279.87928748754496,67.61800219538968
YELL_WS_013,YELL,280.3049320537039,67.83754116355654
INDU_WS_003,INDU,33.03524969000113,28.3205268935236
INDU_WS_004,INDU,31.768407640439303,27.552140504939626
INDU_WS_005,INDU,30.54753367082829,26.783754116355652
INDU_WS_006,INDU,15.577412179933527,17.014270032930845
INDU_WS_007,INDU,31.741036930663558,27.332601536772778
FOLS_WS_001,FOLS,2.691942680455377,2.8540065861690453
FOLS_WS_002,FOLS,2.8727600435167386,2.96377607025247
FOLS_WS_003,FOLS,2.5160893897264107,2.7442371020856204
FOLS_WS_004,FOSC,26.42921270085564,25.24698133918771
NICO_WS_001,NICO,8.604967535511697,10.976948408342482
ABLI_WS_002,ABLI,8.178637038731253,9.549945115257959
CUGA_WS_004,CUGA,181.5873847381383,59.27552140504939
CUGA_WS_005,CUGA,127.91823061590985,53.1284302963776
CACO_WS_002,CACO,12.227847304095665,14.709110867178923
CACO_WS_003,CACO,11.747792552003455,14.270032930845225
CACO_WS_004,CACO,6.255670248256141,6.256860592755214
CACO_WS_006,CACO,7.904664932645321,9.11086717892426
CACO_WS_008,CACO,8.30487768809443,10.208562019758508
CACO_WS_008,CACO,8.29113344555334,9.989023051591657
CACO_WS_009,CACO,8.189655390986498,9.659714599341383
CACO_WS_011,CACO,6.995079704838619,7.4643249176728865
CACO_WS_012,CACO,8.046210406825589,9.330406147091107
CACO_WS_014,CACO,6.438079326530267,6.586169045005488
CACO_WS_016,CACO,7.8333288745393945,8.67178924259056
CACO_WS_017,CACO,8.981328981127612,11.63556531284303
CACO_WS_018,CACO,6.340489664813474,6.476399560922063
CACO_WS_019,CACO,7.713977234471422,8.122941822173436
CACO_WS_021,CACO,9.66092154835001,12.952799121844127
CACO_WS_022,CACO,8.307753965872577,10.318331503841932
CACO_WS_022,CACO,8.327197632305896,10.53787047200878
CACO_WS_023,CACO,8.821180200810288,11.416026344676181
CACO_WS_025,CACO,7.901176255141714,9.001097694840835
CACO_WS_027,CACO,11.126792762184866,13.721185510428102
CACO_WS_028,CACO,9.567414077337084,12.733260153677278
CACO_WS_029,CACO,5.979958945777149,5.92755214050494
CACO_WS_031,CACO,6.8175591338771255,7.025246981339188
CACO_WS_033,CACO,8.248646555123655,9.769484083424809
CACO_WS_036,CACO,8.853445507855408,11.525795828759605
CACO_WS_037,CACO,12.275125791443473,14.928649835345773
CACO_WS_038,CACO,7.918475903444779,9.220636663007683
CACO_WS_040,CACO,9.524351895810987,12.623490669593854
CACO_WS_041,CACO,9.123357426847813,11.745334796926453
CACO_WS_041,CACO,9.132260436717557,11.85510428100988
CACO_WS_043,CACO,13.067445567025107,15.587266739846322
CACO_WS_044,CACO,9.162071782736083,11.964873765093303
CACO_WS_045,CACO,8.481382096539885,10.867178924259056
CACO_WS_046,CACO,8.672581200336886,11.086717892425906
CACO_WS_049,CACO,12.197291247237043,14.37980241492865
CACO_WS_050,CACO,9.755856317502506,13.062568605927552
CACO_WS_051,CACO,9.595672386104303,12.843029637760702
CACO_WS_052,CACO,4.740071286826886,4.610318331503842
CACO_WS_053,CACO,7.71032772878253,8.01317233809001
CACO_WS_055,CACO,8.119707356658017,9.440175631174535
CACO_WS_057,CACO,11.490249632693962,14.1602634467618
CACO_WS_059,CACO,8.420673316415934,10.757409440175632
CACO_WS_062,CACO,6.895128611201912,7.244785949506037
CACO_WS_063,CACO,9.197517298893322,12.074643249176729
CACO_WS_066,CACO,8.331341744766798,10.647639956092206
CACO_WS_067,CACO,8.694258400837231,11.19648737650933
CACO_WS_069,CACO,9.884993272790892,13.2821075740944
CACO_WS_070,CACO,7.88420971081656,8.89132821075741
ASIS_WS_001,ASIS,3.1202304059157058,3.6223929747530184
ASIS_WS_001,ASIS,3.1202304059157058,3.6223929747530184
ASIS_WS_002,ASIS,4.146734132503735,4.390779363336993
ASIS_WS_004,ASIS,12.266090435836205,14.818880351262347
CAJO_WS_001,CAJO,56.989218806525834,32.491767288693744
HATU_WS_001,HATU,74.9979592721675,39.18770581778266
THST_WS_001,THST,84.45431483605249,42.041712403951706
ACAD_WS_001,ACAD,18.000686630543523,18.551042810098792
ACAD_WS_004,ACAD,61.95202213321891,33.91877058177827
ACAD_WS_005,ACAD,69.97927484471613,37.43139407244786
ACAD_WS_007,ACAD,72.78703940452854,38.30954994511526
ACAD_WS_008,ACAD,34.37057217640933,28.54006586169045
ACAD_WS_010,ACAD,44.49501573681514,30.735455543358945
ACAD_WS_012,ACAD,8.27089636181646,9.879253567508233
ACAD_WS_013,ACAD,11.398085756746715,14.050493962678376
ACAD_WS_014,ACAD,13.915881508180103,16.02634467618002
ACAD_WS_016,ACAD,67.52608729190999,36.11416026344676
ACAD_WS_017,ACAD,68.61332868803504,36.66300768386389
ACAD_WS_020,ACAD,36.34988027422764,28.979143798024147
ACAD_WS_022,ACAD,13.747415721479321,15.806805708013172
ACAD_WS_023,ACAD,52.564253266266356,32.05268935236004
ACAD_WS_026,ACAD,51.3533129910233,31.94291986827662
ACAD_WS_030,ACAD,74.01498738497234,38.63885839736553
ACAD_WS_030,ACAD,74.01498738497234,38.63885839736553
KAWW_WS_002,KAWW,46.82937648128308,31.284302963776074
SACR_WS_001,SACR,65.3198714979632,35.455543358946215
ISRO_WS_001,ISRO,2.897502354992042,3.1833150384193196
ISRO_WS_002,ISRO,1.7163841505726563,1.4270032930845227
ISRO_WS_004,ISRO,2.897502354992042,3.1833150384193196
ISRO_WS_005,ISRO,1.7163841505726563,1.4270032930845227
ISRO_WS_006,ISRO,3.1144385975285283,3.4028540065861685
ISRO_WS_007,ISRO,2.2237197941202127,2.305159165751921
ISRO_WS_008,ISRO,2.1500281452293835,2.0856201975850714
ISRO_WS_009,ISRO,1.5198748612031732,0.9879253567508233
ISRO_WS_010,ISRO,1.9483806379092314,1.8660812294182216
PIRO_WS_001,PIRO,5.7475506618843575,5.488474204171241
PIRO_WS_005,PIRO,12.762459556949729,15.257958287596049
PIRO_WS_007,PIRO,6.822098719144345,7.135016465422613
PIRO_WS_008,PIRO,13.365557738755426,15.697036223929747
PIRO_WS_009,PIRO,6.2814568729211135,6.366630076838639
PIRO_WS_010,PIRO,10.771244777854736,13.50164654226125
PIRO_WS_011,PIRO,8.299420498298332,10.098792535675083
PIRO_WS_012,PIRO,7.818512229272797,8.562019758507136
PIRO_WS_013,PIRO,7.818512229272797,8.562019758507136
PIRO_WS_018,PIRO,9.39979034074022,12.513721185510429
PIRO_WS_019,PIRO,32.37869970666309,27.881448957189903
PIRO_WS_020,PIRO,33.985096750649205,28.43029637760702
SLBE_WS_002,SLBE,14.625938363212912,16.575192096597146
SLBE_WS_002,SLBE,14.343007324526244,16.355653128430298
SLBE_WS_003,SLBE,7.317280110008397,7.683863885839736
SLBE_WS_004,SLBE,14.229414642577787,16.245883644346872
SLBE_WS_005,SLBE,11.12401391363466,13.611416026344674
SLBE_WS_007,SLBE,7.08166908189661,7.574094401756312
SLBE_WS_008,SLBE,5.889199174417786,5.817782656421515
SLBE_WS_010,SLBE,14.88035259692964,16.68496158068057
SLBE_WS_011,SLBE,9.370094316494257,12.403951701427003
SLBE_WS_013,SLBE,16.806561465304686,18.00219538968167
SLBE_WS_014,SLBE,24.501673413848767,21.514818880351264
SLBE_WS_015,SLBE,5.865777881707268,5.708013172338091
SLBE_WS_017,SLBE,14.99950968720016,16.794731064763997
SLBE_WS_018,SLBE,14.345298945072,16.465422612513724
SLBE_WS_019,SLBE,12.48709215302634,15.0384193194292
SLBE_WS_020,SLBE,2.377735459346229,2.4149286498353457
SLBE_WS_021,SLBE,2.382187605824585,2.5246981339187706
SLBE_WS_022,SLBE,2.3882947174563625,2.634467618002195
NATC_WS_001,NATC,38.69161434540921,29.637760702524695
BICA_WS_004,BICA,117.34757841014402,50.38419319429198
BICA_WS_003,BICA,49.57443983864074,31.833150384193193
GLAC_WS_013,GLAC,285.2349755403524,68.49615806805708
GLAC_WS_014,GLAC,416.6343280960391,79.91218441273325
GLAC_WS_022,GLAC,209.5328406601515,60.70252469813392
GLAC_WS_020,GLAC,135.25171941989245,54.335894621295274
GLAC_WS_010,GLAC,103.50640732201181,46.212952799121844
GLAC_WS_007,GLAC,82.68411022810415,41.602634467618
GLAC_WS_007,GLAC,82.68411022810415,41.602634467618
GLAC_WS_015,GLAC,103.54610669063224,46.32272228320527
GLAC_WS_012,GLAC,343.7826900676823,73.8748627881449
GLAC_WS_009,GLAC,260.94926230486715,65.75192096597145
GLAC_WS_009,GLAC,266.61932327383977,66.41053787047201
GLAC_WS_001,GLAC,74.33696786215283,38.85839736553238
GLAC_WS_008,GLAC,302.6581085125787,69.92316136114161
GLAC_WS_024,GLAC,238.99316664558475,63.44676180021954
GLAC_WS_024,GLAC,237.14025096891194,63.22722283205269
GLAC_WS_016,GLAC,364.5795845102173,75.30186608122942
GLAC_WS_004,GLAC,1118.8180846716723,88.4742041712404
GLAC_WS_019,GLAC,765.0486877909461,86.38858397365532
GLAC_WS_006,GLAC,89.19053253107532,42.4807903402854
GLAC_WS_002,GLAC,586.8435533354311,84.41273326015367
GLAC_WS_021,GLAC,580.8793091090514,84.30296377607024
GLAC_WS_003,GLAC,433.7125349042776,80.57080131723382
GLAC_WS_017,GLAC,406.4192878455105,79.36333699231614
GLAC_WS_005,GLAC,431.462995687536,80.46103183315039
GLAC_WS_023,GLAC,1398.176934669411,90.55982436882547
GLAC_WS_011,GLAC,67.06040028993488,35.89462129527991
GLAC_WS_018,GLAC,2027.0785799721425,92.31613611416026
LIBI_WS_001,LIBI,301.2365391003733,69.59385290889134
BLRI_WS_001,BLRI,155.66462680577848,56.97036223929748
BLRI_WS_002,BLRI,360.79634144106166,74.86278814489572
BLRI_WS_003,BLRI,216.87458065991814,61.80021953896817
BLRI_WS_004,BLRI,106.81810715935855,46.76180021953897
BLRI_WS_005,BLRI,75.69609408581314,39.29747530186608
BLRI_WS_006,BLRI,78.7739516921305,39.95609220636663
BLRI_WS_007,BLRI,89.68825860735365,42.590559824368825
BLRI_WS_008,BLRI,99.89806389444189,45.1152579582876
BLRI_WS_09,BLRI,81.00272950301063,40.50493962678375
BLRI_WS_010,BLRI,67.77060169207118,36.223929747530185
BLRI_WS_011,BLRI,69.51429980276134,37.102085620197585
BLRI_WS_012,BLRI,74.63284318421304,39.077936333699235
BLRI_WS_013,BLRI,91.09718128483591,42.9198682766191
BLRI_WS_014,BLRI,122.1447771595297,51.591657519209654
BLRI_WS_015,BLRI,115.97687266615613,49.83534577387486
BLRI_WS_016,BLRI,100.37822704698281,45.44456641053787
BLRI_WS_017,BLRI,84.46179007644966,42.15148188803512
BLRI_WS_018,BLRI,90.20403245915502,42.700329308452254
BLRI_WS_019,BLRI,120.57727004950277,51.15257958287596
BLRI_WS_020,BLRI,119.00676423530814,50.82327113062569
BLRI_WS_021,BLRI,120.9407740952257,51.37211855104281
BLRI_WS_022,BLRI,120.57727004950277,51.15257958287596
BLRI_WS_024,BLRI,79.19308674623727,40.17563117453348
BLRI_WS_025,BLRI,125.45541682698203,52.14050493962679
BLRI_WS_026,BLRI,109.77141808171372,47.96926454445664
BLRI_WS_027,BLRI,82.29589962492189,41.27332601536773
BLRI_WS_028,BLRI,81.99431066102619,41.1635565312843
BLRI_WS_029,BLRI,161.47685371843272,57.62897914379802
BLRI_WS_029,BLRI,177.04118885368595,58.94621295279913
BLRI_WS_031,BLRI,72.14404908640236,38.090010976948406
BLRI_WS_031,BLRI,72.22832193161223,38.199780461031835
BLRI_WS_032,BLRI,70.65571305781397,37.76070252469814
BLRI_WS_033,BLRI,84.78682783046061,42.26125137211855
BLRI_WS_034,BLRI,31.1671230597419,27.113062568605926
BLRI_WS_035,BLRI,24.25904020058033,21.405049396267835
BLRI_WS_036,BLRI,24.587072126579674,21.953896816684964
BLRI_WS_038,BLRI,41.25250360880548,30.0768386388584
BLRI_WS_039,BLRI,40.07132217543777,29.857299670691546
BLRI_WS_040,BLRI,101.56153461194167,45.554335894621296
BLRI_WS_041,BLRI,93.23309881991344,43.3589462129528
BLRI_WS_042,BLRI,83.06638839785391,41.712403951701425
BLRI_WS_043,BLRI,136.86504127363474,54.88474204171241
CAHA_WS_001,CAHA,20.114763006796345,19.868276619099888
CAHA_WS_002,CAHA,211.46075256843795,61.031833150384195
CAHA_WS_002,CAHA,212.7604024574107,61.25137211855104
CAHA_WS_002,CAHA,214.24878145672974,61.47091108671789
CAHA_WS_005,CAHA,26.979882915695075,25.466520307354557
CALO_WS_001,CALO,32.651944595060876,28.10098792535675
CALO_WS_005,CALO,24.814171608886134,22.283205268935234
CALO_WS_006,CALO,20.926694872867806,20.417124039517017
FORA_WS_001,FORA,77.21975530609284,39.51701427003293
FORA_WS_001,FORA,113.64488744874905,48.957189901207464
GRSM_WS_001,GRSM,833.8217342399486,87.26673984632272
GRSM_WS_002,GRSM,382.8061465887588,78.15587266739847
GRSM_WS_003,GRSM,77.22622569574133,39.62678375411636
GRSM_WS_005,GRSM,159.48850470150023,57.189901207464324
GRSM_WS_006,GRSM,90.5422166340586,42.81009879253567
GRSM_WS_007,GRSM,76.23159072746313,39.40724478594951
GRSM_WS_008,GRSM,77.76910857808922,39.736553238199775
GRSM_WS_009,GRSM,74.48809867800676,38.96816684961581
GRSM_WS_011,GRSM,1195.9920535063902,89.02305159165752
GRSM_WS_012,GRSM,61.88057982861653,33.80900109769484
GRSM_WS_013,GRSM,346.93590510805444,74.09440175631174
GRSM_WS_014,GRSM,79.99567400812796,40.28540065861691
GRSM_WS_016,GRSM,42.79049550609781,30.18660812294182
GRSM_WS_017,GRSM,62.119159059614766,34.02854006586169
GRSM_WS_019,GRSM,1684.2531582575696,91.21844127332601
GRSM_WS_020,GRSM,425.37188202468076,80.35126234906696
GRSM_WS_022,GRSM,123.17242710675978,51.811196487376506
GRSM_WS_023,GRSM,2327.2834823304834,92.97475301866082
GRSM_WS_024,GRSM,61.88057982861653,33.80900109769484
GRSM_WS_025,GRSM,64.60100741116466,35.236004390779364
GRSM_WS_031,GRSM,240.33875278154974,63.55653128430296
GRSM_WS_032,GRSM,73.85962911857521,38.41931942919869
GRSM_WS_033,GRSM,163.60381394142976,58.068057080131716
MOCR_WS_001,MOCR,541.3675417628776,83.205268935236
MOCR_WS_002,MOCR,541.3936978792631,83.31503841931944
KNRI_WS_002,KNRI,9.338478674212167,12.294182217343579
KNRI_WS_002,KNRI,9.301129322742854,12.184412733260155
THRO_WS_001,THRO,43.01658154293969,30.29637760702525
THRO_WS_002,THRO,48.723346906407656,31.72338090010977
THRO_WS_004,THRO,69.58011588984839,37.211855104281014
THRO_WS_007,THRO,61.08054639724556,33.479692645444565
THRO_WS_008,THRO,83.43818078843039,41.822173435784855
AGFO_WS_002,AGFO,60.07961479311607,33.260153677277714
AGFO_WS_003,AGFO,59.37453727779446,32.93084522502745
AGFO_WS_004,AGFO,59.297558378337264,32.82107574094402
HOME_WS_001,HOME,44.78025992549799,30.954994511525797
NIOB_WS_001,NIOB,48.69987657381929,31.613611416026345
SAGA_WS_002,SAGA,20.050604215773433,19.758507135016465
SAGA_WS_003,SAGA,20.02327180111344,19.42919868276619
DEWA_WS_002,DEWA,367.16291465523557,76.72886937431394
DEWA_WS_003,DEWA,366.23241729369386,76.18002195389681
DEWA_WS_004,DEWA,365.9004409222024,76.0702524698134
DEWA_WS_006,DEWA,283.92216093482375,68.38638858397366
DEWA_WS_007,DEWA,312.59854104080125,70.47200878155873
DEWA_WS_008,DEWA,274.7060005245752,67.17892425905599
DEWA_WS_009,DEWA,289.8180540079086,68.71569703622393
DEWA_WS_011,DEWA,281.9969344599944,68.27661909989024
DEWA_WS_012,DEWA,312.389966556996,70.3622392974753
DEWA_WS_015,DEWA,324.5904590344952,71.89901207464325
DEWA_WS_017,DEWA,367.2558086162667,76.83863885839737
DEWA_WS_018,DEWA,325.1736519951078,72.1185510428101
DEWA_WS_019,DEWA,320.61850973495723,71.2403951701427
DEWA_WS_020,DEWA,324.24315388222436,71.6794731064764
DEWA_WS_021,DEWA,334.8306232566312,73.10647639956093
DEWA_WS_023,DEWA,325.2636197976077,72.22832052689353
DEWA_WS_029,DEWA,320.0955687900575,71.13062568605928
DEWA_WS_030,DEWA,383.51748119584744,78.37541163556531
DEWA_WS_038,DEWA,359.7030616668473,74.7530186608123
DEWA_WS_039,DEWA,353.15397791300427,74.42371020856203
DEWA_WS_041,DEWA,236.74517611155494,63.11745334796927
DEWA_WS_042,DEWA,366.97132504675665,76.61909989023052
DEWA_WS_043,DEWA,313.042670654429,70.58177826564214
DEWA_WS_046,DEWA,314.69067548896504,70.69154774972559
DEWA_WS_047,DEWA,373.2077864249772,77.60702524698134
DEWA_WS_048,DEWA,318.4954413511643,71.02085620197585
DEWA_WS_049,DEWA,365.8870622758488,75.96048298572997
DEWA_WS_050,DEWA,323.7772711355055,71.45993413830955
DEWA_WS_052,DEWA,235.64792857791753,62.89791437980241
DEWA_WS_053,DEWA,365.2836901980031,75.6311745334797
DEWA_WS_054,DEWA,328.56955214633217,72.5576289791438
DEWA_WS_056,DEWA,311.64365760787905,70.25246981339188
DEWA_WS_057,DEWA,328.9741640480787,72.66739846322722
DEWA_WS_059,DEWA,335.2526599852065,73.32601536772778
DEWA_WS_060,DEWA,335.2526599852065,73.32601536772778
DEWA_WS_061,DEWA,362.09086759084573,74.97255762897915
DEWA_WS_063,DEWA,243.78413765174508,63.666300768386385
DEWA_WS_065,DEWA,264.40587568386877,66.19099890230515
DEWA_WS_069,DEWA,359.62862893504285,74.64324917672886
DEWA_WS_071,DEWA,366.46642587535325,76.39956092206367
DEWA_WS_072,DEWA,364.7089225159937,75.41163556531284
DEWA_WS_074,DEWA,285.82077498066843,68.6059275521405
DEWA_WS_075,DEWA,372.5812386982655,77.49725576289791
DEWA_WS_077,DEWA,324.20277656303523,71.56970362239298
DEWA_WS_079,DEWA,375.86536011993667,77.82656421514818
DEWA_WS_080,DEWA,363.2522096599743,75.19209659714599
DEWA_WS_081,DEWA,326.9439337152176,72.44785949506037
GATE_WS_001,GATE,46.953319170562835,31.394072447859493
MORR_WS_001,MORR,367.87953492970985,77.05817782656422
MORR_WS_002,MORR,366.42925229126064,76.28979143798024
MORR_WS_003,MORR,371.8467181512428,77.27771679473106
MORR_WS_004,MORR,373.3876881937067,77.71679473106477
MORR_WS_005,MORR,352.5312266736389,74.3139407244786
MORR_WS_007,MORR,367.3885143834484,76.94840834248079
MORR_WS_008,MORR,365.4217204047597,75.74094401756312
CAVE_WS_001,CAVE,64.75211621683701,35.34577387486279
CAVO_WS_001,CAVO,131.19402442580756,53.787047200878156
ELMA_WS_003,ELMA,111.38146977367943,48.51811196487377
ELMO_WS_001,ELMO,125.96436191562626,52.36004390779363
FOUN_WS_001,FOUN,159.56197925474942,57.29967069154775
GICL_WS_001,GICL,2022.493726185589,92.20636663007684
PECO_WS_001,PECO,1377.8665989816266,90.45005488474203
PECO_WS_002,PECO,761.4100610916431,86.16904500548847
PECO_WS_004,PECO,492.81956651897974,81.88803512623491
PECO_WS_003,PECO,340.4621982260148,73.65532381997805
PECO_WS_005,PECO,401.11315804892337,79.25356750823272
PECO_WS_006,PECO,481.85412626589095,81.44895718990121
SAPU_WS_001,SAPU,363.1006418993066,75.08232711306256
SAPU_WS_003,SAPU,69.73175353848796,37.32162458836443
SAPU_WS_002,SAPU,163.22315787396747,57.958287596048294
VALL_WS_003,VALL,766.9319629859712,86.60812294182217
VALL_WS_001,VALL,761.6229331927018,86.2788144895719
GRBA_WS_002,GRBA,394.74991059598767,79.03402854006586
GRBA_WS_003,GRBA,17.10393167453373,18.22173435784852
GRBA_WS_003,GRBA,17.10393167453373,18.22173435784852
ELRO_WS_002,ELRO,260.1923778835591,65.42261251372119
HOFR_WS_001,HOFR,249.31341917489203,64.21514818880351
HOFR_WS_004,HOFR,277.91338542300025,67.39846322722283
MAVA_WS_001,MAVA,260.79632493578083,65.64215148188804
MAVA_WS_002,MAVA,260.5571328345514,65.5323819978046
MAVA_WS_003,MAVA,261.32661699989995,65.8616904500549
MAVA_WS_004,MAVA,259.27826700484593,65.31284302963776
SARA_WS_001,SARA,315.6487466849425,70.91108671789243
CHIC_WS_002,CHIC,66.20594035019302,35.56531284302964
CHIC_WS_003,CHIC,38.22536398240652,29.418221734357846
CHIC_WS_006,CHIC,63.89023610018968,34.90669593852908
CHIC_WS_007,CHIC,63.747126647402915,34.79692645444567
CRLA_WS_001,CRLA,379.3883243264549,78.04610318331504
CRLA_WS_002,CRLA,290.3641462568555,68.82546652030736
CRLA_WS_003,CRLA,379.3883243264549,78.04610318331504
JODA_WS_006,JODA,411.8702237972061,79.47310647639955
ORCA_WS_001,ORCA,9767.549571151903,97.14599341383095
ORCA_WS_003,ORCA,8093.001481227003,96.4873765093304
ALPO_WS_003,ALPO,32.88418839728172,28.210757409440173
FLNI_WS_001,FLNI,31.1266058177159,27.0032930845225
FLNI_WS_003,FLNI,31.887025982404197,27.661909989023055
FLNI_WS_004,FLNI,29.482132758221567,26.454445664105382
GETT_WS_001,GETT,20.035022014642625,19.538968166849617
GETT_WS_004,GETT,17.47847272686304,18.331503841931944
GETT_WS_005,GETT,19.671709369089484,19.099890230515918
GETT_WS_007,GETT,19.573396783000447,18.88035126234907
GETT_WS_008,GETT,20.19406468969519,19.978046103183313
HOFU_WS_001,HOFU,80.5314407565049,40.39517014270033
HOFU_WS_002,HOFU,81.21368357967508,40.61470911086718
HOFU_WS_003,HOFU,79.0484242370468,40.065861690450056
HOFU_WS_004,HOFU,81.84466841334235,40.944017563117455
HOFU_WS_005,HOFU,81.21716175014527,40.724478594950604
JOFL_WS_001,JOFL,25.514782269141023,23.71020856201976
UPDE_WS_001,UPDE,272.47160200287595,66.95938529088913
UPDE_WS_002,UPDE,140.1380033338359,55.32381997804611
UPDE_WS_004,UPDE,126.0250438933933,52.46981339187706
UPDE_WS_005,UPDE,198.6043564959906,59.71459934138309
VAFO_WS_002,VAFO,15.729654053414535,17.12403951701427
VAFO_WS_003,VAFO,20.92481704881632,20.30735455543359
VAFO_WS_004,VAFO,20.47650922206472,20.197585071350165
CONG_WS_001,CONG,291.42476847448887,69.0450054884742
CONG_WS_002,CONG,304.2800436804284,70.03293084522502
CONG_WS_003,CONG,291.42476847448887,69.0450054884742
KIMO_WS_002,KIMO,281.4528904376982,68.05708013172338
KIMO_WS_002,KIMO,281.4528904376982,68.05708013172338
JECA_WS_001,JECA,264.11789348285873,66.08122941822174
JECA_WS_001,JECA,262.44691976089047,65.97145993413831
MIMI_WS_002,MIMI,107.94126570297348,47.200878155872665
MORU_WS_002,MORU,540.465174136358,83.09549945115258
MORU_WS_002,MORU,534.31684025578,82.87596048298573
WICA_WS_001,WICA,248.92344517150366,64.10537870472008
WICA_WS_001,WICA,244.74118364581616,63.88583973655324
BISO_WS_001,BISO,120.75638728197377,51.26234906695939
BISO_WS_002,BISO,92.22726293214025,43.24917672886938
STRI_WS_001,STRI,5.791012113471254,5.598243688254665
ALFL_WS_001,ALFL,1509.9278638281555,90.88913282107573
AMIS_WS_004,AMIS,26.449183075610932,25.356750823271128
AMIS_WS_005,AMIS,22.965683520991753,20.636663007683865
AMIS_WS_003,AMIS,29.45577412330545,26.344676180021953
AMIS_WS_002,AMIS,24.56391671751931,21.844127332601538
AMIS_WS_001,AMIS,43.08745008525831,30.40614709110867
BIBE_WS_001,BIBE,38.116126931082825,29.308452250274424
BIBE_WS_001,BIBE,38.51871113835977,29.527991218441272
BIBE_WS_001,BIBE,38.116126931082825,29.308452250274424
BIBE_WS_003,BIBE,213.59156232374505,61.361141602634476
BIBE_WS_006,BIBE,130.17098373295033,53.567508232711305
BIBE_WS_006,BIBE,126.63563777122536,52.689352360043905
BIBE_WS_006,BIBE,145.01884397330988,55.762897914379806
BIBE_WS_008,BIBE,23.846595184658206,20.856201975850713
BIBE_WS_007,BIBE,25.0509898866766,22.941822173435785
BITH_WS_001,BITH,324.4909392433007,71.78924259055982
FODA_WS_002,FODA,336.46997535563526,73.43578485181119
GUMO_WS_004,GUMO,577.420570167154,84.19319429198683
GUMO_WS_001,GUMO,765.9100149371512,86.49835345773876
GUMO_WS_002,GUMO,771.1825106651224,86.7178924259056
GUMO_WS_003,GUMO,244.0899755189853,63.77607025246982
LYJO_WS_003,LYJO,94.67250761597577,43.90779363336993
LYJO_WS_006,LYJO,94.2417576840167,43.7980241492865
LYJO_WS_005,LYJO,93.69594618416691,43.468715697036224
LYJO_WS_002,LYJO,93.82626915550865,43.578485181119646
LYJO_WS_002,LYJO,93.83505013609376,43.688254665203075
CARE_WS_001,CARE,28.230051369747,26.015367727771682
CARE_WS_002,CARE,60.788873252980714,33.36992316136114
CEBR_WS_001,CEBR,632.1055436569209,84.85181119648738
DINO_WS_005,DINO,112.07645638249608,48.62788144895719
DINO_WS_003,DINO,211.5744395620764,61.14160263446762
GLCA_WS_002,GLCA,1.9012495529569864,1.646542261251372
GLCA_WS_002,GLCA,1.8431884717358746,1.5367727771679474
GLCA_WS_002,GLCA,1.9359154691233509,1.756311745334797
GLCA_WS_003,GLCA,3.5008748598251973,4.061470911086718
GLCA_WS_003,GLCA,3.4841631507298647,3.951701427003293
GLCA_WS_004,GLCA,1.5451738550225913,1.0976948408342482
GLCA_WS_004,GLCA,1.5490481418358686,1.2074643249176729
GLCA_WS_005,GLCA,3.502980105402216,4.171240395170143
GLCA_WS_007,GLCA,3.0706225559671663,3.293084522502744
GOSP_WS_001,GOSP,3455.3730176856416,94.95060373216246
NABR_WS_001,NABR,127.06569061349364,52.79912184412733
NABR_WS_001,NABR,128.93034502182792,53.238199780461024
TICA_WS_001,TICA,1925.5895943172582,91.98682766190998
ZION_WS_003,ZION,297.56529656827536,69.37431394072448
ZION_WS_003,ZION,365.03743653876637,75.52140504939628
ZION_WS_003,ZION,348.8847265008191,74.20417124039517
ZION_WS_003,ZION,294.0992318971855,69.15477497255763
ZION_WS_004,ZION,2480.7469810948637,93.63336992316135
ZION_WS_005,ZION,413.5551126872014,79.69264544456641
ZION_WS_006,ZION,522.7363372323059,82.54665203073546
APCO_WS_001,APCO,107.88372623606274,47.09110867178924
APCO_WS_002,APCO,107.24729529578056,46.981339187705814
BOWA_WS_001,BOWA,56.203513261392175,32.27222832052689
BOWA_WS_002,BOWA,57.164206563692424,32.601536772777166
BOWA_WS_003,BOWA,23.85931869914516,20.96597145993414
CEBE_WS_003,CEBE,108.06751179115696,47.310647639956095
FRSP_WS_001,FRSP,47.717951680746275,31.503841931942922
FRSP_WS_002,FRSP,82.38413547613715,41.38309549945115
FRSP_WS_004,FRSP,108.33806538938752,47.63995609220636
GEWA_WS_001,GEWA,30.365362483184132,26.67398463227223
PETE_WS_002,PETE,111.06234534779406,48.40834248079034
PETE_WS_005,PETE,96.01183934576045,44.12733260153677
RICH_WS_002,RICH,70.97149356960742,37.87047200878156
RICH_WS_003,RICH,70.4227236165756,37.54116355653128
RICH_WS_004,RICH,71.0779197543039,37.980241492864984
RICH_WS_007,RICH,63.08767924171838,34.577387486278816
SHEN_WS_001,SHEN,97.47744384345303,44.45664105378705
SHEN_WS_001,SHEN,98.18963299973942,44.56641053787047
SHEN_WS_001,SHEN,97.23149249105407,44.34687156970362
SHEN_WS_002,SHEN,102.54819818293915,45.88364434687157
SHEN_WS_003,SHEN,122.56684139423301,51.70142700329309
SHEN_WS_005,SHEN,153.54755666370846,56.86059275521404
SHEN_WS_006,SHEN,138.74051504830163,54.99451152579583
SHEN_WS_007,SHEN,134.7631293147528,54.22612513721185
SHEN_WS_007,SHEN,134.50171031684536,54.11635565312844
SHEN_WS_008,SHEN,117.84757288801184,50.49396267837542
SHEN_WS_008,SHEN,118.62198014360304,50.60373216245884
SHEN_WS_009,SHEN,150.69247688789378,56.75082327113062
SHEN_WS_010,SHEN,121.11669356486931,51.48188803512623
SHEN_WS_011,SHEN,116.97665755865923,50.16465422612514
SHEN_WS_012,SHEN,136.05012065980415,54.55543358946213
SHEN_WS_013,SHEN,108.73998859232519,47.74972557628979
SHEN_WS_013,SHEN,113.94299690329198,49.28649835345774
SHEN_WS_013,SHEN,108.8049932590158,47.85949506037321
SHEN_WS_013,SHEN,110.84883869977195,48.188803512623494
SHEN_WS_015,SHEN,129.6884453289152,53.34796926454446
SHEN_WS_016,SHEN,127.81736631138476,53.018660812294186
SHEN_WS_017,SHEN,108.15660525173733,47.42041712403952
MABI_WS_001,MABI,12.568643731484695,15.148188803512625
EBLA_WS_001,EBLA,20.045485966706757,19.64873765093304
EBLA_WS_002,EBLA,22.529947018919007,20.52689352360044
EBLA_WS_003,EBLA,23.208576029553168,20.74643249176729
LARO_WS_001,LARO,572.0818472112273,84.08342480790341
LARO_WS_002,LARO,382.9362956175657,78.26564215148188
LARO_WS_003,LARO,638.1256646347548,84.9615806805708
LARO_WS_004,LARO,324.87215689248615,72.00878155872668
LARO_WS_006,LARO,417.0770931794298,80.02195389681668
LARO_WS_007,LARO,491.3559518926603,81.77826564215148
LARO_WS_008,LARO,1226.2144698124205,89.57189901207464
LARO_WS_009,LARO,520.5318299611632,82.3271130625686
LARO_WS_010,LARO,421.8527723939293,80.24149286498353
LARO_WS_012,LARO,209.54694926735758,60.81229418221734
LARO_WS_014,LARO,366.5420404138586,76.50933040614709
LARO_WS_015,LARO,294.72134162463317,69.26454445664105
LARO_WS_016,LARO,368.58002140683953,77.16794731064765
LARO_WS_017,LARO,847.6032822763259,87.37650933040615
LARO_WS_018,LARO,315.596787426176,70.801317233809
MORA_WS_001,MORA,980.0103858629473,88.03512623490668
MORA_WS_003,MORA,1842.3273118878208,91.65751920965971
MORA_WS_004,MORA,236.38946902215062,63.007683863885845
MORA_WS_006,MORA,162.14780596243128,57.738748627881456
MORA_WS_007,MORA,1797.2481956701706,91.43798024149287
MORA_WS_008,MORA,160.82142992914396,57.409440175631175
MORA_WS_009,MORA,390.77451639300466,78.59495060373216
MORA_WS_010,MORA,110.74566680274793,48.07903402854007
MORA_WS_011,MORA,526.2907317745902,82.65642151481887
MORA_WS_012,MORA,219.51029935987228,62.019758507135016
MORA_WS_013,MORA,1348.200992498838,90.34028540065862
NOCA_WS_001,NOCA,2393.338209038667,93.30406147091108
NOCA_WS_002,NOCA,2383.338938845256,93.19429198682766
NOCA_WS_003,NOCA,2416.883110553674,93.41383095499451
NOCA_WS_004,NOCA,414.5127945470608,79.80241492864984
NOCA_WS_005,NOCA,2468.998048155788,93.52360043907794
NOCA_WS_006,NOCA,91.50174535146532,43.02963776070253
NOCA_WS_007,NOCA,209.09009152038485,60.5927552140505
NOCA_WS_009,NOCA,1939.3894862342663,92.09659714599341
NOCA_WS_010,NOCA,452.7810263078924,80.79034028540066
NOCA_WS_013,NOCA,2490.8402853397365,93.7431394072448
NOCA_WS_019,NOCA,2371.8853552041537,93.08452250274424
OLYM_WS_002,OLYM,119.26090596720132,50.933040614709114
OLYM_WS_005,OLYM,62.831715537580045,34.46761800219539
OLYM_WS_006,OLYM,62.831715537580045,34.46761800219539
OLYM_WS_008,OLYM,62.831715537580045,34.46761800219539
OLYM_WS_010,OLYM,100.17084397612271,45.334796926454445
OLYM_WS_011,OLYM,98.71330527960961,44.78594950603732
OLYM_WS_012,OLYM,106.73546430710316,46.65203073545554
OLYM_WS_013,OLYM,57.977000172825385,32.711306256860595
OLYM_WS_015,OLYM,19.172796540275638,18.77058177826564
OLYM_WS_015,OLYM,100.17084397612271,45.334796926454445
OLYM_WS_016,OLYM,66.97518873532363,35.78485181119649
OLYM_WS_016,OLYM,68.06251255829508,36.33369923161361
OLYM_WS_017,OLYM,64.30775435294667,35.01646542261251
OLYM_WS_018,OLYM,62.831715537580045,34.46761800219539
OLYM_WS_019,OLYM,35.69023044529909,28.869374313940728
OLYM_WS_020,OLYM,27.08845625633666,25.57628979143798
OLYM_WS_021,OLYM,46.7354243118491,31.174533479692645
OLYM_WS_022,OLYM,32.00115208830054,27.771679473106474
OLYM_WS_023,OLYM,84.25395565842436,41.93194291986828
OLYM_WS_024,OLYM,116.5955403540624,50.054884742041715
SAJH_WS_001,SAJH,6.673288807888114,6.805708013172337
SAJH_WS_002,SAJH,19.72410984489429,19.209659714599344
SAJH_WS_003,SAJH,18.647687162769785,18.660812294182215
WHMI_WS_001,WHMI,6.568113313651062,6.695938529088913
APIS_WS_002,APIS,0.21560964213536593,0.21953896816684962
APIS_WS_003,APIS,15.795662256541746,17.233809001097693
APIS_WS_004,APIS,8.32359292267827,10.428100987925356
APIS_WS_005,APIS,24.54227592830139,21.734357848518112
APIS_WS_006,APIS,1.0753838238877906,0.8781558726673985
APIS_WS_007,APIS,13.833586571567379,15.916575192096596
APIS_WS_008,APIS,1.0608246245050026,0.7683863885839737
APIS_WS_009,APIS,5.174363075259613,5.159165751920966
APIS_WS_0010,APIS,5.174363075259613,5.159165751920966
APIS_WS_011,APIS,5.174363075259613,5.159165751920966
APIS_WS_012,APIS,2.1285223416090466,1.9758507135016465
APIS_WS_013,APIS,3.2592075267825376,3.7321624588364433
APIS_WS_014,APIS,4.840891825832617,4.720087815587267
APIS_WS_015,APIS,7.563429430850345,7.793633369923161
IATR_WS_001,IATR,19.628776300874677,18.990120746432492
NERI_WS_003,NERI,105.70562713202334,46.54226125137212
NERI_WS_005,NERI,102.37518019827094,45.77387486278815
NERI_WS_006,NERI,102.20719832385865,45.664105378704726
DETO_WS_002,DETO,63.45503630230808,34.68715697036224
FOLA_WS_001,FOLA,64.52808056855353,35.12623490669594
FOLA_WS_003,FOLA,59.4797216148367,33.04061470911087
FOLA_WS_002,FOLA,70.65437942575304,37.65093304061471
GRTE_WS_001,GRTE,129.69142471851694,53.45773874862788
GRTE_WS_025,GRTE,150.19293802648767,56.6410537870472
GRTE_WS_025,GRTE,150.19293802648767,56.6410537870472
GRTE_WS_022,GRTE,77.87005596463733,39.846322722283205
GRTE_WS_005,GRTE,146.40691451207266,55.98243688254665
GRTE_WS_003,GRTE,204.71905265501502,60.043907793633366
GRTE_WS_034,GRTE,116.9841253962663,50.27442371020856
GRTE_WS_026,GRTE,141.8512088578303,55.54335894621295
GRTE_WS_017,GRTE,81.9406925006396,41.05378704720088
GRTE_WS_016,GRTE,148.33179927893588,56.2019758507135
GRTE_WS_030,GRTE,131.49643100960694,53.89681668496158
GRTE_WS_032,GRTE,136.58122466107602,54.665203073545555
GRTE_WS_031,GRTE,96.44961429876763,44.2371020856202
GRTE_WS_006,GRTE,113.8497782572385,49.066959385290886
GRTE_WS_019,GRTE,136.80297256822809,54.77497255762898
GRTE_WS_035,GRTE,115.48095183101844,49.61580680570801
GRTE_WS_015,GRTE,102.77149353129003,45.99341383095499
GRTE_WS_020,GRTE,251.03702485869744,64.43468715697036
GRTE_WS_020,GRTE,255.02832648234698,64.76399560922064
GRTE_WS_020,GRTE,254.95818168511778,64.65422612513721
GRTE_WS_033,GRTE,145.308131012078,55.87266739846323
GRTE_WS_018,GRTE,115.51778128533272,49.72557628979144
GRTE_WS_011,GRTE,130.32645630555348,53.677277716794734
GRTE_WS_004,GRTE,160.94212456791445,57.5192096597146
GRTE_WS_024,GRTE,69.38053238082371,36.99231613611416
GRTE_WS_012,GRTE,69.09578957081362,36.77277716794731
GRTE_WS_012,GRTE,69.38053238082371,36.99231613611416
GRTE_WS_027,GRTE,91.55122342629646,43.13940724478595
GRTE_WS_013,GRTE,104.50870089791695,46.43249176728869
GRTE_WS_007,GRTE,102.93723373841476,46.10318331503842
GRTE_WS_023,GRTE,329.21438301992475,72.77716794731064
GRTE_WS_010,GRTE,168.04941114094098,58.397365532382
GRTE_WS_014,GRTE,162.26394997902258,57.84851811196488
